epoch,step,train_acc,train_loss,val_acc,val_loss
0,5,,,0.5,4.624593257904053
0,5,0.7083333134651184,0.5128855109214783,,
